Dataset,Model,MSE,R2,CV MSE,CV R2,MSE by iteration,R2 by iteration
dataset8,KNN,1.0,1.0,0.0,1.0,"{'1': 0.0, '2': 0.0, '3': 0.0, '4': 0.0, '5': 0.0, '6': 0.0, '7': 0.0, '8': 0.0, '9': 0.0}","{'1': 1.0, '2': 1.0, '3': 1.0, '4': 1.0, '5': 1.0, '6': 1.0, '7': 1.0, '8': 1.0, '9': 1.0}"
dataset8,DecisionTree,1.0,1.0,0.0,1.0,"{'1': 0.0, '2': 0.0, '3': 0.0, '4': 0.0, '5': 0.0, '6': 0.0, '7': 0.0, '8': 0.0, '9': 0.0}","{'1': 1.0, '2': 1.0, '3': 1.0, '4': 1.0, '5': 1.0, '6': 1.0, '7': 1.0, '8': 1.0, '9': 1.0}"
dataset8,RandomForest,1.0,1.0,0.0,1.0,"{'1': 0.0, '2': 0.0, '3': 0.0, '4': 0.0, '5': 0.0, '6': 0.0, '7': 0.0, '8': 0.0, '9': 0.0}","{'1': 1.0, '2': 1.0, '3': 1.0, '4': 1.0, '5': 1.0, '6': 1.0, '7': 1.0, '8': 1.0, '9': 1.0}"
dataset3,KNN,0.9675375806283985,0.9675375806283985,-0.0058970008888888,0.9597625990131272,"{'1': 0.0036506800000000008, '2': 0.00483188, '3': 0.00475492, '4': 0.005278799999999999, '5': 0.00536208, '6': 0.005375560000000001, '7': 0.00563308, '8': 0.005881000000000001, '9': 0.006032839999999999}","{'1': 0.9644054873589891, '2': 0.9669404795487373, '3': 0.9699155393820124, '4': 0.9682545333570356, '5': 0.9686354996392141, '6': 0.9689605984442998, '7': 0.9678893196537204, '8': 0.9667279492467991, '9': 0.9661088190247766}"
dataset3,DecisionTree,0.9773001121327608,0.9773001121327608,-0.0040472388888888,0.9720275097497248,"{'1': 0.002722027777777777, '2': 0.003465249999999999, '3': 0.0031034999999999995, '4': 0.003344249999999999, '5': 0.0036929999999999997, '6': 0.0037839999999999996, '7': 0.0041597499999999985, '8': 0.004037749999999999, '9': 0.004324749999999999}","{'1': 0.9734599438610632, '2': 0.9762909047319598, '3': 0.9803641021241315, '4': 0.9798884638893813, '5': 0.978398475995811, '6': 0.978150537713881, '7': 0.9762878562757077, '8': 0.9771562280345627, '9': 0.9757044965683497}"
dataset3,RandomForest,0.9820669504099412,0.9820669504099412,-0.0028083076765966,0.9808056735361266,"{'1': 0.0018157914917062018, '2': 0.002393145125269268, '3': 0.002416976156113948, '4': 0.0028760110168231244, '5': 0.0030649756564949003, '6': 0.003076692112645689, '7': 0.0034134855941258496, '8': 0.003426672011117904, '9': 0.0035945687430544142}","{'1': 0.9822958426361729, '2': 0.9836262013519212, '3': 0.9847077502916505, '4': 0.9827043434493906, '5': 0.9820719888394179, '6': 0.9822346542597116, '7': 0.9805418448203105, '8': 0.9806134322277694, '9': 0.9798064958131264}"
