Dataset,Model,Model variation,Number of individuals,Execution,RMSE,R2,RMSE by iteration,R2 by iteration
dataset9_density,KNN,vector,500,0,0.2592650964484876,0.9288659259573918,"{'1': 0.1775158010483121, '2': 0.18985257169153893, '3': 0.2224168975304759, '4': 0.254572421884009, '5': 0.2824001291162194, '6': 0.29198386946984256, '7': 0.30586520245369814, '8': 0.30189094322201815, '9': 0.306888031620274}","{'1': 0.9691923086133664, '2': 0.9636034872100988, '3': 0.9492056995443447, '4': 0.9334419588893084, '5': 0.9181814495814197, '6': 0.9128605276668159, '7': 0.904032889646885, '8': 0.9065336961558801, '9': 0.9027413163084085}"
dataset9_density,KNN,vector,500,1,0.2592650964484876,0.9288659259573918,"{'1': 0.1775158010483121, '2': 0.18985257169153893, '3': 0.2224168975304759, '4': 0.254572421884009, '5': 0.2824001291162194, '6': 0.29198386946984256, '7': 0.30586520245369814, '8': 0.30189094322201815, '9': 0.306888031620274}","{'1': 0.9691923086133664, '2': 0.9636034872100988, '3': 0.9492056995443447, '4': 0.9334419588893084, '5': 0.9181814495814197, '6': 0.9128605276668159, '7': 0.904032889646885, '8': 0.9065336961558801, '9': 0.9027413163084085}"
dataset9_density,KNN,vector,500,2,0.2592650964484876,0.9288659259573918,"{'1': 0.1775158010483121, '2': 0.18985257169153893, '3': 0.2224168975304759, '4': 0.254572421884009, '5': 0.2824001291162194, '6': 0.29198386946984256, '7': 0.30586520245369814, '8': 0.30189094322201815, '9': 0.306888031620274}","{'1': 0.9691923086133664, '2': 0.9636034872100988, '3': 0.9492056995443447, '4': 0.9334419588893084, '5': 0.9181814495814197, '6': 0.9128605276668159, '7': 0.904032889646885, '8': 0.9065336961558801, '9': 0.9027413163084085}"
