Dataset,Model,Model variation,Number of individuals,RMSE mean,R2 mean,RMSE std,R2 std,RMSE mean by iteration,R2 mean by iteration,RMSE std by iteration,R2 std by iteration
dataset9_density,KNN,vector,500,0.2592650964484876,0.9288659259573918,0.0,0.0,"{1: 0.1775158010483121, 2: 0.18985257169153893, 3: 0.2224168975304759, 4: 0.254572421884009, 5: 0.2824001291162194, 6: 0.29198386946984256, 7: 0.30586520245369814, 8: 0.30189094322201815, 9: 0.306888031620274}","{1: 0.9691923086133664, 2: 0.9636034872100988, 3: 0.9492056995443447, 4: 0.9334419588893083, 5: 0.9181814495814197, 6: 0.9128605276668159, 7: 0.904032889646885, 8: 0.9065336961558801, 9: 0.9027413163084085}","{1: 0.0, 2: 0.0, 3: 0.0, 4: 0.0, 5: 0.0, 6: 0.0, 7: 0.0, 8: 0.0, 9: 0.0}","{1: 0.0, 2: 0.0, 3: 0.0, 4: 1.1102230246251565e-16, 5: 0.0, 6: 0.0, 7: 0.0, 8: 0.0, 9: 0.0}"
